video_path,frame_id,time_sec,eye_status,mouth_status,movement_status,pacifier_status,rollover_status
dataset/babyincrib_set.mp4,0,0.0,0,0,0,0.0,1.0
dataset/babyincrib_set.mp4,1,0.03333333333333333,0,0,1,0.0,1.0
dataset/babyincrib_set.mp4,2,0.06666666666666667,0,0,1,0.0,1.0
dataset/babyincrib_set.mp4,3,0.1,0,0,1,0.0,1.0
dataset/babyincrib_set.mp4,4,0.13333333333333333,0,0,1,0.0,1.0
dataset/babyincrib_set.mp4,5,0.16666666666666666,0,0,1,0.0,1.0
dataset/babyincrib_set.mp4,6,0.2,0,0,1,0.0,1.0
dataset/babyincrib_set.mp4,7,0.23333333333333334,0,0,1,0.0,1.0
dataset/babyincrib_set.mp4,8,0.26666666666666666,0,0,1,0.0,1.0
dataset/babyincrib_set.mp4,9,0.3,0,0,1,0.0,1.0
dataset/babyincrib_set.mp4,10,0.3333333333333333,0,0,1,0.0,1.0
dataset/babyincrib_set.mp4,11,0.36666666666666664,0,0,1,0.0,1.0
dataset/babyincrib_set.mp4,12,0.4,0,0,1,0.0,1.0
dataset/babyincrib_set.mp4,13,0.43333333333333335,0,0,1,0.0,1.0
dataset/babyincrib_set.mp4,14,0.4666666666666667,0,0,1,0.0,1.0
dataset/babyincrib_set.mp4,15,0.5,0,0,1,0.0,1.0
dataset/babyincrib_set.mp4,16,0.5333333333333333,1,0,1,0.0,0.0
dataset/babyincrib_set.mp4,17,0.5666666666666667,1,0,1,0.0,0.0
dataset/babyincrib_set.mp4,18,0.6,1,0,1,0.0,0.0
dataset/babyincrib_set.mp4,19,0.6333333333333333,1,0,1,0.0,0.0
dataset/babyincrib_set.mp4,20,0.6666666666666666,1,0,1,0.0,0.0
dataset/babyincrib_set.mp4,21,0.7,1,0,1,0.0,0.0
dataset/babyincrib_set.mp4,22,0.7333333333333333,1,0,1,0.0,0.0
dataset/babyincrib_set.mp4,23,0.7666666666666667,0,0,1,0.0,1.0
dataset/babyincrib_set.mp4,24,0.8,0,0,1,0.0,0.0
dataset/babyincrib_set.mp4,25,0.8333333333333334,0,0,1,0.0,0.0
dataset/babyincrib_set.mp4,26,0.8666666666666667,0,0,1,0.0,1.0
dataset/babyincrib_set.mp4,27,0.9,0,0,1,0.0,1.0
dataset/babyincrib_set.mp4,28,0.9333333333333333,0,0,1,0.0,1.0
dataset/babyincrib_set.mp4,29,0.9666666666666667,0,0,1,0.0,1.0
dataset/babyincrib_set.mp4,30,1.0,0,0,1,0.0,1.0
dataset/babyincrib_set.mp4,31,1.0333333333333334,0,0,1,0.0,1.0
dataset/babyincrib_set.mp4,32,1.0666666666666667,0,0,1,0.0,1.0
dataset/babyincrib_set.mp4,33,1.1,1,0,1,0.0,0.0
dataset/babyincrib_set.mp4,34,1.1333333333333333,1,1,1,0.0,0.0
dataset/babyincrib_set.mp4,35,1.1666666666666667,1,1,1,0.0,0.0
dataset/babyincrib_set.mp4,36,1.2,1,1,1,0.0,0.0
dataset/babyincrib_set.mp4,37,1.2333333333333334,0,0,1,0.0,1.0
dataset/babyincrib_set.mp4,38,1.2666666666666666,0,0,1,0.0,1.0
dataset/babyincrib_set.mp4,39,1.3,0,0,1,0.0,1.0
dataset/babyincrib_set.mp4,40,1.3333333333333333,0,0,1,0.0,1.0
dataset/babyincrib_set.mp4,41,1.3666666666666667,0,0,1,0.0,1.0
dataset/babyincrib_set.mp4,42,1.4,0,0,1,0.0,1.0
dataset/babyincrib_set.mp4,43,1.4333333333333333,0,0,1,0.0,1.0
dataset/babyincrib_set.mp4,44,1.4666666666666666,0,0,1,0.0,1.0
dataset/babyincrib_set.mp4,45,1.5,0,0,1,0.0,1.0
dataset/babyincrib_set.mp4,46,1.5333333333333334,0,0,1,0.0,1.0
dataset/babyincrib_set.mp4,47,1.5666666666666667,0,0,1,0.0,1.0
dataset/babyincrib_set.mp4,48,1.6,0,0,1,0.0,1.0
dataset/babyincrib_set.mp4,49,1.6333333333333333,0,0,1,0.0,1.0
dataset/babyincrib_set.mp4,50,1.6666666666666667,0,0,1,0.0,1.0
dataset/babyincrib_set.mp4,51,1.7,0,0,1,0.0,1.0
dataset/babyincrib_set.mp4,52,1.7333333333333334,0,0,1,0.0,1.0
dataset/babyincrib_set.mp4,53,1.7666666666666666,0,0,0,0.0,1.0
dataset/babyincrib_set.mp4,54,1.8,0,0,1,0.0,1.0
dataset/babyincrib_set.mp4,55,1.8333333333333333,0,0,1,0.0,1.0
dataset/babyincrib_set.mp4,56,1.8666666666666667,0,0,0,0.0,1.0
dataset/babyincrib_set.mp4,57,1.9,0,0,0,0.0,1.0
dataset/babyincrib_set.mp4,58,1.9333333333333333,0,0,0,0.0,1.0
dataset/babyincrib_set.mp4,59,1.9666666666666666,0,0,1,0.0,1.0
dataset/babyincrib_set.mp4,60,2.0,0,0,0,0.0,1.0
dataset/babyincrib_set.mp4,61,2.033333333333333,0,0,1,0.0,1.0
dataset/babyincrib_set.mp4,62,2.066666666666667,0,0,1,0.0,1.0
dataset/babyincrib_set.mp4,63,2.1,0,0,1,0.0,1.0
dataset/babyincrib_set.mp4,64,2.1333333333333333,0,0,1,0.0,1.0
dataset/babyincrib_set.mp4,65,2.1666666666666665,0,0,1,0.0,1.0
dataset/babyincrib_set.mp4,66,2.2,0,0,1,0.0,1.0
dataset/babyincrib_set.mp4,67,2.2333333333333334,0,0,1,0.0,1.0
dataset/babyincrib_set.mp4,68,2.2666666666666666,0,0,1,0.0,1.0
dataset/babyincrib_set.mp4,69,2.3,0,0,1,0.0,1.0
dataset/babyincrib_set.mp4,70,2.3333333333333335,0,0,1,0.0,1.0
dataset/babyincrib_set.mp4,71,2.3666666666666667,0,0,1,0.0,1.0
dataset/babyincrib_set.mp4,72,2.4,0,0,1,0.0,1.0
dataset/babyincrib_set.mp4,73,2.433333333333333,0,0,1,0.0,1.0
dataset/babyincrib_set.mp4,74,2.466666666666667,1,0,1,0.0,0.0
dataset/babyincrib_set.mp4,75,2.5,1,0,1,0.0,0.0
dataset/babyincrib_set.mp4,76,2.533333333333333,0,0,1,0.0,1.0
dataset/babyincrib_set.mp4,77,2.566666666666667,1,0,1,0.0,0.0
dataset/babyincrib_set.mp4,78,2.6,0,0,1,0.0,1.0
dataset/babyincrib_set.mp4,79,2.6333333333333333,0,0,1,0.0,1.0
dataset/babyincrib_set.mp4,80,2.6666666666666665,0,0,1,0.0,1.0
dataset/babyincrib_set.mp4,81,2.7,1,0,1,0.0,0.0
dataset/babyincrib_set.mp4,82,2.7333333333333334,1,0,1,0.0,0.0
dataset/babyincrib_set.mp4,83,2.7666666666666666,0,0,1,0.0,1.0
dataset/babyincrib_set.mp4,84,2.8,0,0,1,0.0,1.0
dataset/babyincrib_set.mp4,85,2.8333333333333335,0,0,1,0.0,1.0
dataset/babyincrib_set.mp4,86,2.8666666666666667,0,0,1,0.0,1.0
dataset/babyincrib_set.mp4,87,2.9,0,0,1,0.0,1.0
dataset/babyincrib_set.mp4,88,2.933333333333333,0,0,1,0.0,1.0
dataset/babyincrib_set.mp4,89,2.966666666666667,0,0,1,0.0,1.0
dataset/babyincrib_set.mp4,90,3.0,0,0,1,0.0,1.0
dataset/babyincrib_set.mp4,91,3.033333333333333,0,0,1,0.0,1.0
dataset/babyincrib_set.mp4,92,3.066666666666667,0,0,1,0.0,1.0
dataset/babyincrib_set.mp4,93,3.1,0,0,1,0.0,1.0
dataset/babyincrib_set.mp4,94,3.1333333333333333,0,0,1,0.0,1.0
dataset/babyincrib_set.mp4,95,3.1666666666666665,0,0,1,0.0,1.0
dataset/babyincrib_set.mp4,96,3.2,0,0,1,0.0,1.0
dataset/babyincrib_set.mp4,97,3.2333333333333334,0,0,1,0.0,1.0
dataset/babyincrib_set.mp4,98,3.2666666666666666,0,0,1,0.0,1.0
dataset/babyincrib_set.mp4,99,3.3,0,0,0,0.0,1.0
dataset/babyincrib_set.mp4,100,3.3333333333333335,0,0,1,0.0,1.0
dataset/babyincrib_set.mp4,101,3.3666666666666667,0,0,1,0.0,1.0
dataset/babyincrib_set.mp4,102,3.4,0,0,1,0.0,1.0
dataset/babyincrib_set.mp4,103,3.433333333333333,0,0,1,0.0,1.0
dataset/babyincrib_set.mp4,104,3.466666666666667,0,0,0,0.0,1.0
dataset/babyincrib_set.mp4,105,3.5,0,0,1,0.0,1.0
dataset/babyincrib_set.mp4,106,3.533333333333333,0,0,1,0.0,1.0
dataset/babyincrib_set.mp4,107,3.566666666666667,0,0,1,0.0,1.0
dataset/babyincrib_set.mp4,108,3.6,0,0,1,0.0,1.0
dataset/babyincrib_set.mp4,109,3.6333333333333333,0,0,1,0.0,1.0
dataset/babyincrib_set.mp4,110,3.6666666666666665,0,0,1,0.0,1.0
dataset/babyincrib_set.mp4,111,3.7,0,0,1,0.0,1.0
dataset/babyincrib_set.mp4,112,3.7333333333333334,0,0,0,0.0,1.0
dataset/babyincrib_set.mp4,113,3.7666666666666666,0,0,1,0.0,1.0
dataset/babyincrib_set.mp4,114,3.8,0,0,1,0.0,1.0
dataset/babyincrib_set.mp4,115,3.8333333333333335,0,0,1,0.0,1.0
dataset/babyincrib_set.mp4,116,3.8666666666666667,0,0,1,0.0,1.0
dataset/babyincrib_set.mp4,117,3.9,0,0,0,0.0,1.0
dataset/babyincrib_set.mp4,118,3.933333333333333,0,0,1,0.0,1.0
dataset/babyincrib_set.mp4,119,3.966666666666667,0,0,1,0.0,1.0
dataset/babyincrib_set.mp4,120,4.0,0,0,1,0.0,1.0
dataset/babyincrib_set.mp4,121,4.033333333333333,0,0,1,0.0,1.0
dataset/babyincrib_set.mp4,122,4.066666666666666,0,0,1,0.0,1.0
dataset/babyincrib_set.mp4,123,4.1,0,0,1,0.0,1.0
dataset/babyincrib_set.mp4,124,4.133333333333334,0,0,1,0.0,1.0
dataset/babyincrib_set.mp4,125,4.166666666666667,0,0,0,0.0,1.0
dataset/babyincrib_set.mp4,126,4.2,0,0,0,0.0,1.0
dataset/babyincrib_set.mp4,127,4.233333333333333,0,0,1,0.0,1.0
dataset/babyincrib_set.mp4,128,4.266666666666667,0,0,1,0.0,1.0
dataset/babyincrib_set.mp4,129,4.3,0,0,1,0.0,1.0
dataset/babyincrib_set.mp4,130,4.333333333333333,0,0,0,0.0,1.0
dataset/babyincrib_set.mp4,131,4.366666666666666,0,0,0,0.0,1.0
dataset/babyincrib_set.mp4,132,4.4,0,0,1,0.0,1.0
dataset/babyincrib_set.mp4,133,4.433333333333334,0,0,1,0.0,1.0
dataset/babyincrib_set.mp4,134,4.466666666666667,0,0,0,0.0,1.0
dataset/babyincrib_set.mp4,135,4.5,0,0,0,0.0,1.0
dataset/babyincrib_set.mp4,136,4.533333333333333,0,0,1,0.0,1.0
dataset/babyincrib_set.mp4,137,4.566666666666666,0,0,0,0.0,1.0
dataset/babyincrib_set.mp4,138,4.6,0,0,1,0.0,1.0
dataset/babyincrib_set.mp4,139,4.633333333333334,0,0,1,0.0,1.0
dataset/babyincrib_set.mp4,140,4.666666666666667,0,0,1,0.0,1.0
dataset/babyincrib_set.mp4,141,4.7,0,0,1,0.0,1.0
dataset/babyincrib_set.mp4,142,4.733333333333333,0,0,1,0.0,1.0
dataset/babyincrib_set.mp4,143,4.766666666666667,0,0,1,0.0,1.0
dataset/babyincrib_set.mp4,144,4.8,0,0,1,0.0,1.0
dataset/babyincrib_set.mp4,145,4.833333333333333,0,0,1,0.0,1.0
dataset/babyincrib_set.mp4,146,4.866666666666666,0,0,1,0.0,1.0
dataset/babyincrib_set.mp4,147,4.9,0,0,1,0.0,1.0
dataset/babyincrib_set.mp4,148,4.933333333333334,0,0,1,0.0,1.0
dataset/babyincrib_set.mp4,149,4.966666666666667,0,0,1,0.0,1.0
dataset/babyincrib_set.mp4,150,5.0,0,0,1,0.0,1.0
dataset/babyincrib_set.mp4,151,5.033333333333333,0,0,1,0.0,1.0
dataset/babyincrib_set.mp4,152,5.066666666666666,0,0,1,0.0,1.0
dataset/babyincrib_set.mp4,153,5.1,0,0,1,0.0,1.0
dataset/babyincrib_set.mp4,154,5.133333333333334,0,0,1,0.0,1.0
dataset/babyincrib_set.mp4,155,5.166666666666667,0,0,0,0.0,1.0
dataset/babyincrib_set.mp4,156,5.2,0,0,0,0.0,1.0
dataset/babyincrib_set.mp4,157,5.233333333333333,0,0,1,0.0,1.0
dataset/babyincrib_set.mp4,158,5.266666666666667,0,0,1,0.0,1.0
dataset/babyincrib_set.mp4,159,5.3,0,0,1,0.0,1.0
dataset/babyincrib_set.mp4,160,5.333333333333333,0,0,1,0.0,1.0
dataset/babyincrib_set.mp4,161,5.366666666666666,0,0,1,0.0,1.0
dataset/babyincrib_set.mp4,162,5.4,0,0,0,0.0,1.0
dataset/babyincrib_set.mp4,163,5.433333333333334,0,0,1,0.0,1.0
dataset/babyincrib_set.mp4,164,5.466666666666667,0,0,0,0.0,1.0
dataset/babyincrib_set.mp4,165,5.5,0,0,1,0.0,1.0
dataset/babyincrib_set.mp4,166,5.533333333333333,0,0,1,0.0,1.0
dataset/babyincrib_set.mp4,167,5.566666666666666,0,0,0,0.0,1.0
dataset/babyincrib_set.mp4,168,5.6,0,0,0,0.0,1.0
dataset/babyincrib_set.mp4,169,5.633333333333334,0,0,1,0.0,1.0
dataset/babyincrib_set.mp4,170,5.666666666666667,0,0,1,0.0,1.0
dataset/babyincrib_set.mp4,171,5.7,0,0,1,0.0,1.0
dataset/babyincrib_set.mp4,172,5.733333333333333,0,0,0,0.0,1.0
dataset/babyincrib_set.mp4,173,5.766666666666667,0,0,1,0.0,1.0
dataset/babyincrib_set.mp4,174,5.8,0,0,1,0.0,1.0
dataset/babyincrib_set.mp4,175,5.833333333333333,0,0,1,0.0,1.0
dataset/babyincrib_set.mp4,176,5.866666666666666,0,0,0,0.0,1.0
dataset/babyincrib_set.mp4,177,5.9,0,0,1,0.0,1.0
dataset/babyincrib_set.mp4,178,5.933333333333334,0,0,1,0.0,1.0
dataset/babyincrib_set.mp4,179,5.966666666666667,0,0,1,0.0,1.0
dataset/babyincrib_set.mp4,180,6.0,0,0,1,0.0,1.0
dataset/babyincrib_set.mp4,181,6.033333333333333,0,0,0,0.0,1.0
dataset/babyincrib_set.mp4,182,6.066666666666666,0,0,1,0.0,1.0
dataset/babyincrib_set.mp4,183,6.1,0,0,1,0.0,1.0
dataset/babyincrib_set.mp4,184,6.133333333333334,0,0,1,0.0,1.0
dataset/babyincrib_set.mp4,185,6.166666666666667,0,0,0,0.0,1.0
dataset/babyincrib_set.mp4,186,6.2,0,0,0,0.0,1.0
dataset/babyincrib_set.mp4,187,6.233333333333333,0,0,1,0.0,1.0
dataset/babyincrib_set.mp4,188,6.266666666666667,0,0,1,0.0,1.0
dataset/babyincrib_set.mp4,189,6.3,0,0,1,0.0,1.0
dataset/babyincrib_set.mp4,190,6.333333333333333,0,0,1,0.0,1.0
dataset/babyincrib_set.mp4,191,6.366666666666666,0,0,1,0.0,1.0
dataset/babyincrib_set.mp4,192,6.4,0,0,1,0.0,1.0
dataset/babyincrib_set.mp4,193,6.433333333333334,0,0,0,0.0,1.0
dataset/babyincrib_set.mp4,194,6.466666666666667,0,0,1,0.0,1.0
dataset/babyincrib_set.mp4,195,6.5,0,0,0,0.0,1.0
dataset/babyincrib_set.mp4,196,6.533333333333333,0,0,1,0.0,1.0
dataset/babyincrib_set.mp4,197,6.566666666666666,0,0,0,0.0,1.0
dataset/babyincrib_set.mp4,198,6.6,0,0,1,0.0,1.0
dataset/babyincrib_set.mp4,199,6.633333333333334,0,0,0,0.0,1.0
dataset/babyincrib_set.mp4,200,6.666666666666667,0,0,0,0.0,1.0
dataset/babyincrib_set.mp4,201,6.7,0,0,0,0.0,1.0
dataset/babyincrib_set.mp4,202,6.733333333333333,0,0,0,0.0,1.0
dataset/babyincrib_set.mp4,203,6.766666666666667,0,0,0,0.0,1.0
dataset/babyincrib_set.mp4,204,6.8,0,0,0,0.0,1.0
dataset/babyincrib_set.mp4,205,6.833333333333333,0,0,0,0.0,1.0
dataset/babyincrib_set.mp4,206,6.866666666666666,0,0,0,0.0,1.0
dataset/babyincrib_set.mp4,207,6.9,0,0,0,0.0,1.0
dataset/babyincrib_set.mp4,208,6.933333333333334,0,0,0,0.0,1.0
dataset/babyincrib_set.mp4,209,6.966666666666667,0,0,0,0.0,1.0
dataset/babyincrib_set.mp4,210,7.0,0,0,1,0.0,1.0
dataset/babyincrib_set.mp4,211,7.033333333333333,0,0,1,0.0,1.0
dataset/babyincrib_set.mp4,212,7.066666666666666,0,0,1,0.0,1.0
dataset/babyincrib_set.mp4,213,7.1,0,0,1,0.0,1.0
dataset/babyincrib_set.mp4,214,7.133333333333334,0,0,1,0.0,1.0
dataset/babyincrib_set.mp4,215,7.166666666666667,0,0,1,0.0,1.0
dataset/babyincrib_set.mp4,216,7.2,0,0,1,0.0,1.0
dataset/babyincrib_set.mp4,217,7.233333333333333,0,0,1,0.0,1.0
dataset/babyincrib_set.mp4,218,7.266666666666667,0,0,1,0.0,1.0
dataset/babyincrib_set.mp4,219,7.3,0,0,1,0.0,1.0
dataset/babyincrib_set.mp4,220,7.333333333333333,0,0,1,0.0,1.0
dataset/babyincrib_set.mp4,221,7.366666666666666,0,0,1,0.0,1.0
dataset/babyincrib_set.mp4,222,7.4,0,0,1,0.0,1.0
dataset/babyincrib_set.mp4,223,7.433333333333334,0,0,1,0.0,1.0
dataset/babyincrib_set.mp4,224,7.466666666666667,0,0,1,0.0,1.0
dataset/babyincrib_set.mp4,225,7.5,0,0,1,0.0,1.0
dataset/babyincrib_set.mp4,226,7.533333333333333,0,0,1,0.0,1.0
dataset/babyincrib_set.mp4,227,7.566666666666666,0,0,1,0.0,1.0
dataset/babyincrib_set.mp4,228,7.6,0,0,1,0.0,1.0
dataset/babyincrib_set.mp4,229,7.633333333333334,0,0,1,0.0,1.0
dataset/babyincrib_set.mp4,230,7.666666666666667,0,0,1,0.0,1.0
dataset/babyincrib_set.mp4,231,7.7,0,0,1,0.0,1.0
dataset/babyincrib_set.mp4,232,7.733333333333333,0,0,1,0.0,1.0
dataset/babyincrib_set.mp4,233,7.766666666666667,0,0,1,0.0,1.0
dataset/babyincrib_set.mp4,234,7.8,0,0,1,0.0,1.0
dataset/babyincrib_set.mp4,235,7.833333333333333,0,0,1,0.0,1.0
dataset/babyincrib_set.mp4,236,7.866666666666666,0,0,1,0.0,1.0
dataset/babyincrib_set.mp4,237,7.9,0,0,1,0.0,1.0
dataset/babyincrib_set.mp4,238,7.933333333333334,0,0,1,0.0,1.0
dataset/babyincrib_set.mp4,239,7.966666666666667,0,0,1,0.0,1.0
dataset/babyincrib_set.mp4,240,8.0,0,0,1,0.0,1.0
dataset/babyincrib_set.mp4,241,8.033333333333333,0,0,1,0.0,1.0
dataset/babyincrib_set.mp4,242,8.066666666666666,0,0,1,0.0,1.0
dataset/babyincrib_set.mp4,243,8.1,0,0,1,0.0,1.0
dataset/babyincrib_set.mp4,244,8.133333333333333,0,0,1,0.0,1.0
dataset/babyincrib_set.mp4,245,8.166666666666666,0,0,1,0.0,1.0
dataset/babyincrib_set.mp4,246,8.2,0,0,1,0.0,1.0
dataset/babyincrib_set.mp4,247,8.233333333333333,0,0,1,0.0,1.0
dataset/babyincrib_set.mp4,248,8.266666666666667,0,0,1,0.0,1.0
dataset/babyincrib_set.mp4,249,8.3,0,0,1,0.0,1.0
dataset/babyincrib_set.mp4,250,8.333333333333334,0,0,1,0.0,1.0
dataset/babyincrib_set.mp4,251,8.366666666666667,0,0,1,0.0,1.0
dataset/babyincrib_set.mp4,252,8.4,0,0,1,0.0,1.0
dataset/babyincrib_set.mp4,253,8.433333333333334,0,0,1,0.0,1.0
dataset/babyincrib_set.mp4,254,8.466666666666667,0,0,1,0.0,1.0
dataset/babyincrib_set.mp4,255,8.5,0,0,1,0.0,1.0
dataset/babyincrib_set.mp4,256,8.533333333333333,0,0,1,0.0,1.0
dataset/babyincrib_set.mp4,257,8.566666666666666,0,0,1,0.0,1.0
dataset/babyincrib_set.mp4,258,8.6,0,0,1,0.0,1.0
dataset/babyincrib_set.mp4,259,8.633333333333333,0,0,1,0.0,1.0
dataset/babyincrib_set.mp4,260,8.666666666666666,0,0,1,0.0,1.0
dataset/babyincrib_set.mp4,261,8.7,0,0,1,0.0,1.0
dataset/babyincrib_set.mp4,262,8.733333333333333,0,0,1,0.0,1.0
dataset/babyincrib_set.mp4,263,8.766666666666667,0,0,1,0.0,1.0
dataset/babyincrib_set.mp4,264,8.8,0,0,1,0.0,1.0
dataset/babyincrib_set.mp4,265,8.833333333333334,0,0,1,0.0,1.0
dataset/babyincrib_set.mp4,266,8.866666666666667,0,0,1,0.0,1.0
dataset/babyincrib_set.mp4,267,8.9,0,0,1,0.0,1.0
dataset/babyincrib_set.mp4,268,8.933333333333334,0,0,1,0.0,1.0
dataset/babyincrib_set.mp4,269,8.966666666666667,0,0,1,0.0,1.0
dataset/babyincrib_set.mp4,270,9.0,0,0,1,0.0,1.0
dataset/babyincrib_set.mp4,271,9.033333333333333,0,0,1,0.0,1.0
dataset/babyincrib_set.mp4,272,9.066666666666666,0,0,1,0.0,1.0
dataset/babyincrib_set.mp4,273,9.1,0,0,1,0.0,1.0
dataset/babyincrib_set.mp4,274,9.133333333333333,0,0,1,0.0,1.0
dataset/babyincrib_set.mp4,275,9.166666666666666,0,0,1,0.0,1.0
dataset/babyincrib_set.mp4,276,9.2,0,0,1,0.0,1.0
dataset/babyincrib_set.mp4,277,9.233333333333333,0,0,1,0.0,1.0
dataset/babyincrib_set.mp4,278,9.266666666666667,0,0,1,0.0,1.0
dataset/babyincrib_set.mp4,279,9.3,0,0,1,0.0,1.0
dataset/babyincrib_set.mp4,280,9.333333333333334,0,0,1,0.0,1.0
dataset/babyincrib_set.mp4,281,9.366666666666667,0,0,1,0.0,1.0
dataset/babyincrib_set.mp4,282,9.4,0,0,1,0.0,1.0
dataset/babyincrib_set.mp4,283,9.433333333333334,0,0,1,0.0,1.0
dataset/babyincrib_set.mp4,284,9.466666666666667,0,0,1,0.0,1.0
dataset/babyincrib_set.mp4,285,9.5,0,0,1,0.0,1.0
dataset/babyincrib_set.mp4,286,9.533333333333333,0,0,1,0.0,1.0
dataset/babyincrib_set.mp4,287,9.566666666666666,0,0,1,0.0,1.0
dataset/babyincrib_set.mp4,288,9.6,0,0,1,0.0,1.0
dataset/babyincrib_set.mp4,289,9.633333333333333,0,0,1,0.0,1.0
dataset/babyincrib_set.mp4,290,9.666666666666666,0,0,1,0.0,1.0
dataset/babyincrib_set.mp4,291,9.7,0,0,1,0.0,1.0
dataset/babyincrib_set.mp4,292,9.733333333333333,0,0,1,0.0,1.0
dataset/babyincrib_set.mp4,293,9.766666666666667,0,0,1,0.0,1.0
dataset/babyincrib_set.mp4,294,9.8,0,0,1,0.0,1.0
dataset/babyincrib_set.mp4,295,9.833333333333334,0,0,1,0.0,1.0
dataset/babyincrib_set.mp4,296,9.866666666666667,0,0,1,0.0,1.0
dataset/babyincrib_set.mp4,297,9.9,0,0,1,0.0,1.0
dataset/babyincrib_set.mp4,298,9.933333333333334,0,0,1,0.0,1.0
dataset/babyincrib_set.mp4,299,9.966666666666667,0,0,1,0.0,1.0
dataset/babyincrib_set.mp4,300,10.0,0,0,1,0.0,1.0
dataset/babyincrib_set.mp4,301,10.033333333333333,0,0,1,0.0,1.0
dataset/babyincrib_set.mp4,302,10.066666666666666,0,0,1,0.0,1.0
dataset/babyincrib_set.mp4,303,10.1,0,0,1,0.0,1.0
dataset/babyincrib_set.mp4,304,10.133333333333333,0,0,1,0.0,1.0
dataset/babyincrib_set.mp4,305,10.166666666666666,0,0,1,0.0,1.0
dataset/babyincrib_set.mp4,306,10.2,0,0,1,0.0,1.0
dataset/babyincrib_set.mp4,307,10.233333333333333,0,0,1,0.0,1.0
dataset/babyincrib_set.mp4,308,10.266666666666667,0,0,1,0.0,1.0
dataset/babyincrib_set.mp4,309,10.3,0,0,1,0.0,1.0
dataset/babyincrib_set.mp4,310,10.333333333333334,0,0,1,0.0,1.0
dataset/babyincrib_set.mp4,311,10.366666666666667,0,0,1,0.0,1.0
dataset/babyincrib_set.mp4,312,10.4,0,0,1,0.0,1.0
dataset/babyincrib_set.mp4,313,10.433333333333334,0,0,1,0.0,1.0
dataset/babyincrib_set.mp4,314,10.466666666666667,0,0,1,0.0,1.0
dataset/babyincrib_set.mp4,315,10.5,0,0,1,0.0,1.0
dataset/babyincrib_set.mp4,316,10.533333333333333,0,0,1,0.0,1.0
dataset/babyincrib_set.mp4,317,10.566666666666666,0,0,1,0.0,1.0
dataset/babyincrib_set.mp4,318,10.6,0,0,1,0.0,1.0
dataset/babyincrib_set.mp4,319,10.633333333333333,0,0,1,0.0,1.0
dataset/babyincrib_set.mp4,320,10.666666666666666,0,0,1,0.0,1.0
dataset/babyincrib_set.mp4,321,10.7,0,0,1,0.0,1.0
dataset/babyincrib_set.mp4,322,10.733333333333333,0,0,1,0.0,1.0
dataset/babyincrib_set.mp4,323,10.766666666666667,0,0,1,0.0,1.0
dataset/babyincrib_set.mp4,324,10.8,0,0,1,0.0,1.0
dataset/babyincrib_set.mp4,325,10.833333333333334,0,0,1,0.0,1.0
dataset/babyincrib_set.mp4,326,10.866666666666667,0,0,1,0.0,1.0
dataset/babyincrib_set.mp4,327,10.9,0,0,1,0.0,1.0
dataset/babyincrib_set.mp4,328,10.933333333333334,0,0,1,0.0,1.0
dataset/babyincrib_set.mp4,329,10.966666666666667,0,0,1,0.0,1.0
dataset/babyincrib_set.mp4,330,11.0,0,0,1,0.0,1.0
dataset/babyincrib_set.mp4,331,11.033333333333333,0,0,1,0.0,1.0
dataset/babyincrib_set.mp4,332,11.066666666666666,0,0,1,0.0,1.0
dataset/babyincrib_set.mp4,333,11.1,0,0,1,0.0,1.0
dataset/babyincrib_set.mp4,334,11.133333333333333,0,0,1,0.0,1.0
dataset/babyincrib_set.mp4,335,11.166666666666666,0,0,1,0.0,1.0
dataset/babyincrib_set.mp4,336,11.2,0,0,1,0.0,1.0
dataset/babyincrib_set.mp4,337,11.233333333333333,0,0,1,0.0,1.0
dataset/babyincrib_set.mp4,338,11.266666666666667,0,0,1,0.0,1.0
dataset/babyincrib_set.mp4,339,11.3,0,0,1,0.0,1.0
dataset/babyincrib_set.mp4,340,11.333333333333334,0,0,1,0.0,1.0
dataset/babyincrib_set.mp4,341,11.366666666666667,0,0,1,0.0,1.0
dataset/babyincrib_set.mp4,342,11.4,0,0,1,0.0,1.0
dataset/babyincrib_set.mp4,343,11.433333333333334,0,0,1,0.0,1.0
dataset/babyincrib_set.mp4,344,11.466666666666667,0,0,1,0.0,1.0
dataset/babyincrib_set.mp4,345,11.5,0,0,1,0.0,1.0
dataset/babyincrib_set.mp4,346,11.533333333333333,0,0,1,0.0,1.0
dataset/babyincrib_set.mp4,347,11.566666666666666,0,0,1,0.0,1.0
dataset/babyincrib_set.mp4,348,11.6,0,0,1,0.0,1.0
dataset/babyincrib_set.mp4,349,11.633333333333333,0,0,1,0.0,1.0
dataset/babyincrib_set.mp4,350,11.666666666666666,0,0,1,0.0,1.0
dataset/babyincrib_set.mp4,351,11.7,0,0,1,0.0,1.0
dataset/babyincrib_set.mp4,352,11.733333333333333,0,0,1,0.0,1.0
dataset/babyincrib_set.mp4,353,11.766666666666667,0,0,1,0.0,1.0
dataset/babyincrib_set.mp4,354,11.8,0,0,1,0.0,1.0
dataset/babyincrib_set.mp4,355,11.833333333333334,0,0,1,0.0,1.0
dataset/babyincrib_set.mp4,356,11.866666666666667,0,0,1,0.0,1.0
dataset/babyincrib_set.mp4,357,11.9,0,0,1,0.0,1.0
dataset/babyincrib_set.mp4,358,11.933333333333334,0,0,1,0.0,1.0
dataset/babyincrib_set.mp4,359,11.966666666666667,0,0,1,0.0,1.0
dataset/babyincrib_set.mp4,360,12.0,0,0,1,0.0,1.0
dataset/babyincrib_set.mp4,361,12.033333333333333,0,0,1,0.0,1.0
dataset/babyincrib_set.mp4,362,12.066666666666666,0,0,1,0.0,1.0
dataset/babyincrib_set.mp4,363,12.1,0,0,1,0.0,1.0
dataset/babyincrib_set.mp4,364,12.133333333333333,0,0,1,0.0,1.0
dataset/babyincrib_set.mp4,365,12.166666666666666,0,0,1,0.0,1.0
dataset/babyincrib_set.mp4,366,12.2,0,0,1,0.0,1.0
dataset/babyincrib_set.mp4,367,12.233333333333333,0,0,1,0.0,1.0
dataset/babyincrib_set.mp4,368,12.266666666666667,0,0,1,0.0,1.0
dataset/babyincrib_set.mp4,369,12.3,0,0,1,0.0,1.0
dataset/babyincrib_set.mp4,370,12.333333333333334,0,0,1,0.0,1.0
dataset/babyincrib_set.mp4,371,12.366666666666667,0,0,1,0.0,1.0
dataset/babyincrib_set.mp4,372,12.4,0,0,1,0.0,1.0
dataset/babyincrib_set.mp4,373,12.433333333333334,0,0,1,0.0,1.0
dataset/babyincrib_set.mp4,374,12.466666666666667,0,0,1,0.0,1.0
dataset/babyincrib_set.mp4,375,12.5,0,0,1,0.0,1.0
dataset/babyincrib_set.mp4,376,12.533333333333333,0,0,1,0.0,1.0
dataset/babyincrib_set.mp4,377,12.566666666666666,0,0,1,0.0,1.0
dataset/babyincrib_set.mp4,378,12.6,0,0,1,0.0,1.0
dataset/babyincrib_set.mp4,379,12.633333333333333,0,0,1,0.0,1.0
dataset/babyincrib_set.mp4,380,12.666666666666666,0,0,1,0.0,1.0
dataset/babyincrib_set.mp4,381,12.7,0,0,1,0.0,1.0
dataset/babyincrib_set.mp4,382,12.733333333333333,0,0,1,0.0,1.0
dataset/babyincrib_set.mp4,383,12.766666666666667,0,0,1,0.0,1.0
dataset/babyincrib_set.mp4,384,12.8,0,0,1,0.0,1.0
dataset/babyincrib_set.mp4,385,12.833333333333334,0,0,1,0.0,1.0
dataset/babyincrib_set.mp4,386,12.866666666666667,0,0,1,0.0,1.0
dataset/babyincrib_set.mp4,387,12.9,0,0,1,0.0,1.0
dataset/babyincrib_set.mp4,388,12.933333333333334,0,0,1,0.0,1.0
dataset/babyincrib_set.mp4,389,12.966666666666667,0,0,1,0.0,1.0
dataset/babyincrib_set.mp4,390,13.0,0,0,1,0.0,1.0
dataset/babyincrib_set.mp4,391,13.033333333333333,0,0,1,0.0,1.0
dataset/babyincrib_set.mp4,392,13.066666666666666,0,0,1,0.0,1.0
dataset/babyincrib_set.mp4,393,13.1,0,0,1,0.0,1.0
dataset/babyincrib_set.mp4,394,13.133333333333333,0,0,1,0.0,1.0
dataset/babyincrib_set.mp4,395,13.166666666666666,0,0,1,0.0,1.0
dataset/babyincrib_set.mp4,396,13.2,0,0,1,0.0,1.0
dataset/babyincrib_set.mp4,397,13.233333333333333,0,0,0,0.0,1.0
dataset/babyincrib_set.mp4,398,13.266666666666667,0,0,0,0.0,1.0
dataset/babyincrib_set.mp4,399,13.3,0,0,1,0.0,1.0
dataset/babyincrib_set.mp4,400,13.333333333333334,0,0,1,0.0,1.0
dataset/babyincrib_set.mp4,401,13.366666666666667,0,0,1,0.0,1.0
dataset/babyincrib_set.mp4,402,13.4,0,0,1,0.0,1.0
dataset/babyincrib_set.mp4,403,13.433333333333334,0,0,1,0.0,1.0
dataset/babyincrib_set.mp4,404,13.466666666666667,0,0,1,0.0,1.0
dataset/babyincrib_set.mp4,405,13.5,0,0,1,0.0,1.0
dataset/babyincrib_set.mp4,406,13.533333333333333,0,0,1,0.0,1.0
dataset/babyincrib_set.mp4,407,13.566666666666666,0,0,1,0.0,1.0
dataset/babyincrib_set.mp4,408,13.6,0,0,1,0.0,1.0
dataset/babyincrib_set.mp4,409,13.633333333333333,0,0,1,0.0,1.0
dataset/babyincrib_set.mp4,410,13.666666666666666,0,0,1,0.0,1.0
dataset/babyincrib_set.mp4,411,13.7,0,0,1,0.0,1.0
dataset/babyincrib_set.mp4,412,13.733333333333333,0,0,1,0.0,1.0
dataset/babyincrib_set.mp4,413,13.766666666666667,0,0,1,0.0,1.0
dataset/babyincrib_set.mp4,414,13.8,0,0,1,0.0,1.0
dataset/babyincrib_set.mp4,415,13.833333333333334,0,0,1,0.0,1.0
dataset/babyincrib_set.mp4,416,13.866666666666667,0,0,0,0.0,1.0
dataset/babyincrib_set.mp4,417,13.9,0,0,1,0.0,1.0
dataset/babyincrib_set.mp4,418,13.933333333333334,0,0,1,0.0,1.0
dataset/babyincrib_set.mp4,419,13.966666666666667,0,0,1,0.0,1.0
dataset/babyincrib_set.mp4,420,14.0,0,0,1,0.0,1.0
dataset/babyincrib_set.mp4,421,14.033333333333333,0,0,1,0.0,1.0
dataset/babyincrib_set.mp4,422,14.066666666666666,0,0,1,0.0,1.0
dataset/babyincrib_set.mp4,423,14.1,0,0,1,0.0,1.0
dataset/babyincrib_set.mp4,424,14.133333333333333,0,0,1,0.0,1.0
dataset/babyincrib_set.mp4,425,14.166666666666666,0,0,1,0.0,1.0
dataset/babyincrib_set.mp4,426,14.2,0,0,1,0.0,1.0
dataset/babyincrib_set.mp4,427,14.233333333333333,0,0,1,0.0,1.0
dataset/babyincrib_set.mp4,428,14.266666666666667,0,0,1,0.0,1.0
dataset/babyincrib_set.mp4,429,14.3,0,0,1,0.0,1.0
dataset/babyincrib_set.mp4,430,14.333333333333334,0,0,1,0.0,1.0
dataset/babyincrib_set.mp4,431,14.366666666666667,0,0,1,0.0,1.0
dataset/babyincrib_set.mp4,432,14.4,0,0,1,0.0,1.0
dataset/babyincrib_set.mp4,433,14.433333333333334,0,0,1,0.0,1.0
dataset/babyincrib_set.mp4,434,14.466666666666667,0,0,1,0.0,1.0
dataset/babyincrib_set.mp4,435,14.5,0,0,0,0.0,1.0
dataset/babyincrib_set.mp4,436,14.533333333333333,0,0,1,0.0,1.0
dataset/babyincrib_set.mp4,437,14.566666666666666,0,0,1,0.0,1.0
dataset/babyincrib_set.mp4,438,14.6,0,0,1,0.0,1.0
dataset/babyincrib_set.mp4,439,14.633333333333333,0,0,1,0.0,1.0
dataset/babyincrib_set.mp4,440,14.666666666666666,0,0,1,0.0,1.0
dataset/babyincrib_set.mp4,441,14.7,0,0,1,0.0,1.0
dataset/babyincrib_set.mp4,442,14.733333333333333,0,0,1,0.0,1.0
dataset/babyincrib_set.mp4,443,14.766666666666667,0,0,1,0.0,1.0
dataset/babyincrib_set.mp4,444,14.8,0,0,1,0.0,1.0
dataset/babyincrib_set.mp4,445,14.833333333333334,0,0,1,0.0,1.0
dataset/babyincrib_set.mp4,446,14.866666666666667,0,0,1,0.0,1.0
dataset/babyincrib_set.mp4,447,14.9,0,0,1,0.0,1.0
dataset/babyincrib_set.mp4,448,14.933333333333334,0,0,1,0.0,1.0
dataset/babyincrib_set.mp4,449,14.966666666666667,0,0,1,0.0,1.0
dataset/babyincrib_set.mp4,450,15.0,0,0,1,0.0,1.0
dataset/babyincrib_set.mp4,451,15.033333333333333,0,0,1,0.0,1.0
dataset/babyincrib_set.mp4,452,15.066666666666666,0,0,1,0.0,1.0
dataset/babyincrib_set.mp4,453,15.1,0,0,1,0.0,1.0
dataset/babyincrib_set.mp4,454,15.133333333333333,0,0,1,0.0,1.0
dataset/babyincrib_set.mp4,455,15.166666666666666,0,0,1,0.0,1.0
dataset/babyincrib_set.mp4,456,15.2,0,0,1,0.0,1.0
dataset/babyincrib_set.mp4,457,15.233333333333333,0,0,1,0.0,1.0
dataset/babyincrib_set.mp4,458,15.266666666666667,0,0,1,0.0,1.0
dataset/babyincrib_set.mp4,459,15.3,0,0,1,0.0,1.0
dataset/babyincrib_set.mp4,460,15.333333333333334,0,0,1,0.0,1.0
dataset/babyincrib_set.mp4,461,15.366666666666667,0,0,1,0.0,1.0
dataset/babyincrib_set.mp4,462,15.4,0,0,1,0.0,1.0
dataset/babyincrib_set.mp4,463,15.433333333333334,0,0,1,0.0,1.0
dataset/babyincrib_set.mp4,464,15.466666666666667,0,0,1,0.0,1.0
dataset/babyincrib_set.mp4,465,15.5,0,0,1,0.0,1.0
dataset/babyincrib_set.mp4,466,15.533333333333333,0,0,1,0.0,1.0
dataset/babyincrib_set.mp4,467,15.566666666666666,0,0,1,0.0,1.0
dataset/babyincrib_set.mp4,468,15.6,0,0,1,0.0,1.0
dataset/babyincrib_set.mp4,469,15.633333333333333,0,0,1,0.0,1.0
dataset/babyincrib_set.mp4,470,15.666666666666666,0,0,1,0.0,1.0
dataset/babyincrib_set.mp4,471,15.7,0,0,1,0.0,1.0
dataset/babyincrib_set.mp4,472,15.733333333333333,0,0,1,0.0,1.0
dataset/babyincrib_set.mp4,473,15.766666666666667,0,0,1,0.0,1.0
dataset/babyincrib_set.mp4,474,15.8,0,0,1,0.0,1.0
dataset/babyincrib_set.mp4,475,15.833333333333334,0,0,1,0.0,1.0
dataset/babyincrib_set.mp4,476,15.866666666666667,0,0,1,0.0,1.0
dataset/babyincrib_set.mp4,477,15.9,0,0,1,0.0,1.0
dataset/babyincrib_set.mp4,478,15.933333333333334,0,0,1,0.0,1.0
dataset/babyincrib_set.mp4,479,15.966666666666667,0,0,1,0.0,1.0
dataset/babyincrib_set.mp4,480,16.0,0,0,1,0.0,1.0
dataset/babyincrib_set.mp4,481,16.033333333333335,0,0,1,0.0,1.0
dataset/babyincrib_set.mp4,482,16.066666666666666,0,0,1,0.0,1.0
dataset/babyincrib_set.mp4,483,16.1,0,0,1,0.0,1.0
dataset/babyincrib_set.mp4,484,16.133333333333333,0,0,1,0.0,1.0
dataset/babyincrib_set.mp4,485,16.166666666666668,0,0,1,0.0,1.0
dataset/babyincrib_set.mp4,486,16.2,0,0,1,0.0,1.0
dataset/babyincrib_set.mp4,487,16.233333333333334,0,0,1,0.0,1.0
dataset/babyincrib_set.mp4,488,16.266666666666666,0,0,1,0.0,1.0
dataset/babyincrib_set.mp4,489,16.3,0,0,1,0.0,1.0
dataset/babyincrib_set.mp4,490,16.333333333333332,0,0,1,0.0,1.0
dataset/babyincrib_set.mp4,491,16.366666666666667,0,0,1,0.0,1.0
dataset/babyincrib_set.mp4,492,16.4,0,0,1,0.0,1.0
dataset/babyincrib_set.mp4,493,16.433333333333334,0,0,1,0.0,1.0
dataset/babyincrib_set.mp4,494,16.466666666666665,0,0,1,0.0,1.0
dataset/babyincrib_set.mp4,495,16.5,0,0,1,0.0,1.0
dataset/babyincrib_set.mp4,496,16.533333333333335,0,0,1,0.0,1.0
dataset/babyincrib_set.mp4,497,16.566666666666666,0,0,1,0.0,1.0
dataset/babyincrib_set.mp4,498,16.6,0,0,1,0.0,1.0
dataset/babyincrib_set.mp4,499,16.633333333333333,0,0,1,0.0,1.0
dataset/babyincrib_set.mp4,500,16.666666666666668,0,0,0,0.0,1.0
dataset/babyincrib_set.mp4,501,16.7,0,0,1,0.0,1.0
dataset/babyincrib_set.mp4,502,16.733333333333334,0,0,0,0.0,1.0
dataset/babyincrib_set.mp4,503,16.766666666666666,0,0,1,0.0,1.0
dataset/babyincrib_set.mp4,504,16.8,0,0,1,0.0,1.0
dataset/babyincrib_set.mp4,505,16.833333333333332,0,0,0,0.0,1.0
dataset/babyincrib_set.mp4,506,16.866666666666667,0,0,1,0.0,1.0
dataset/babyincrib_set.mp4,507,16.9,0,0,1,0.0,1.0
dataset/babyincrib_set.mp4,508,16.933333333333334,0,0,1,0.0,1.0
dataset/babyincrib_set.mp4,509,16.966666666666665,0,0,1,0.0,1.0
dataset/babyincrib_set.mp4,510,17.0,0,0,1,0.0,1.0
dataset/babyincrib_set.mp4,511,17.033333333333335,0,0,1,0.0,1.0
dataset/babyincrib_set.mp4,512,17.066666666666666,0,0,1,0.0,1.0
dataset/babyincrib_set.mp4,513,17.1,0,0,1,0.0,1.0
dataset/babyincrib_set.mp4,514,17.133333333333333,0,0,1,0.0,1.0
dataset/babyincrib_set.mp4,515,17.166666666666668,0,0,1,0.0,1.0
dataset/babyincrib_set.mp4,516,17.2,0,0,1,0.0,1.0
dataset/babyincrib_set.mp4,517,17.233333333333334,0,0,1,0.0,1.0
dataset/babyincrib_set.mp4,518,17.266666666666666,0,0,1,0.0,1.0
dataset/babyincrib_set.mp4,519,17.3,0,0,1,0.0,1.0
dataset/babyincrib_set.mp4,520,17.333333333333332,0,0,1,0.0,1.0
dataset/babyincrib_set.mp4,521,17.366666666666667,0,0,1,0.0,1.0
dataset/babyincrib_set.mp4,522,17.4,0,0,1,0.0,1.0
dataset/babyincrib_set.mp4,523,17.433333333333334,0,0,1,0.0,1.0
dataset/babyincrib_set.mp4,524,17.466666666666665,0,0,1,0.0,1.0
dataset/babyincrib_set.mp4,525,17.5,0,0,1,0.0,1.0
dataset/babyincrib_set.mp4,526,17.533333333333335,0,0,1,0.0,1.0
dataset/babyincrib_set.mp4,527,17.566666666666666,0,0,1,0.0,1.0
dataset/babyincrib_set.mp4,528,17.6,0,0,1,0.0,1.0
dataset/babyincrib_set.mp4,529,17.633333333333333,0,0,1,0.0,1.0
dataset/babyincrib_set.mp4,530,17.666666666666668,0,0,1,0.0,1.0
dataset/babyincrib_set.mp4,531,17.7,0,0,1,0.0,1.0
dataset/babyincrib_set.mp4,532,17.733333333333334,0,0,1,0.0,1.0
dataset/babyincrib_set.mp4,533,17.766666666666666,0,0,1,0.0,1.0
dataset/babyincrib_set.mp4,534,17.8,0,0,1,0.0,1.0
dataset/babyincrib_set.mp4,535,17.833333333333332,0,0,1,0.0,1.0
dataset/babyincrib_set.mp4,536,17.866666666666667,0,0,1,0.0,1.0
dataset/babyincrib_set.mp4,537,17.9,0,0,1,0.0,1.0
dataset/babyincrib_set.mp4,538,17.933333333333334,0,0,1,0.0,1.0
dataset/babyincrib_set.mp4,539,17.966666666666665,0,0,1,0.0,1.0
dataset/babyincrib_set.mp4,540,18.0,0,0,1,0.0,1.0
dataset/babyincrib_set.mp4,541,18.033333333333335,0,0,1,0.0,1.0
dataset/babyincrib_set.mp4,542,18.066666666666666,0,0,1,0.0,1.0
dataset/babyincrib_set.mp4,543,18.1,0,0,1,0.0,1.0
dataset/babyincrib_set.mp4,544,18.133333333333333,0,0,1,0.0,1.0
dataset/babyincrib_set.mp4,545,18.166666666666668,0,0,1,0.0,1.0
dataset/babyincrib_set.mp4,546,18.2,0,0,1,0.0,1.0
dataset/babyincrib_set.mp4,547,18.233333333333334,0,0,1,0.0,1.0
dataset/babyincrib_set.mp4,548,18.266666666666666,0,0,1,0.0,1.0
dataset/babyincrib_set.mp4,549,18.3,0,0,1,0.0,1.0
dataset/babyincrib_set.mp4,550,18.333333333333332,0,0,1,0.0,1.0
dataset/babyincrib_set.mp4,551,18.366666666666667,0,0,1,0.0,1.0
dataset/babyincrib_set.mp4,552,18.4,0,0,1,0.0,1.0
dataset/babyincrib_set.mp4,553,18.433333333333334,0,0,1,0.0,1.0
dataset/babyincrib_set.mp4,554,18.466666666666665,0,0,1,0.0,1.0
dataset/babyincrib_set.mp4,555,18.5,0,0,1,0.0,1.0
dataset/babyincrib_set.mp4,556,18.533333333333335,0,0,1,0.0,1.0
dataset/babyincrib_set.mp4,557,18.566666666666666,0,0,1,0.0,1.0
dataset/babyincrib_set.mp4,558,18.6,0,0,1,0.0,1.0
dataset/babyincrib_set.mp4,559,18.633333333333333,0,0,1,0.0,1.0
dataset/babyincrib_set.mp4,560,18.666666666666668,0,0,1,0.0,1.0
dataset/babyincrib_set.mp4,561,18.7,0,0,1,0.0,1.0
dataset/babyincrib_set.mp4,562,18.733333333333334,0,0,1,0.0,1.0
dataset/babyincrib_set.mp4,563,18.766666666666666,0,0,1,0.0,1.0
dataset/babyincrib_set.mp4,564,18.8,0,0,1,0.0,1.0
dataset/babyincrib_set.mp4,565,18.833333333333332,0,0,1,0.0,1.0
dataset/babyincrib_set.mp4,566,18.866666666666667,0,0,1,0.0,1.0
dataset/babyincrib_set.mp4,567,18.9,0,0,1,0.0,1.0
dataset/babyincrib_set.mp4,568,18.933333333333334,0,0,1,0.0,1.0
dataset/babyincrib_set.mp4,569,18.966666666666665,0,0,1,0.0,1.0
dataset/babyincrib_set.mp4,570,19.0,0,0,1,0.0,1.0
dataset/babyincrib_set.mp4,571,19.033333333333335,0,0,1,0.0,1.0
dataset/babyincrib_set.mp4,572,19.066666666666666,0,0,1,0.0,1.0
dataset/babyincrib_set.mp4,573,19.1,0,0,1,0.0,1.0
dataset/babyincrib_set.mp4,574,19.133333333333333,0,0,1,0.0,1.0
dataset/babyincrib_set.mp4,575,19.166666666666668,0,0,1,0.0,1.0
dataset/babyincrib_set.mp4,576,19.2,0,0,1,0.0,1.0
dataset/babyincrib_set.mp4,577,19.233333333333334,0,0,1,0.0,1.0
dataset/babyincrib_set.mp4,578,19.266666666666666,0,0,1,0.0,1.0
dataset/babyincrib_set.mp4,579,19.3,0,0,1,0.0,1.0
dataset/babyincrib_set.mp4,580,19.333333333333332,0,0,1,0.0,1.0
dataset/babyincrib_set.mp4,581,19.366666666666667,0,0,1,0.0,1.0
dataset/babyincrib_set.mp4,582,19.4,0,0,1,0.0,1.0
dataset/babyincrib_set.mp4,583,19.433333333333334,0,0,1,0.0,1.0
dataset/babyincrib_set.mp4,584,19.466666666666665,0,0,1,0.0,1.0
dataset/babyincrib_set.mp4,585,19.5,0,0,0,0.0,1.0
dataset/babyincrib_set.mp4,586,19.533333333333335,0,0,1,0.0,1.0
dataset/babyincrib_set.mp4,587,19.566666666666666,0,0,1,0.0,1.0
dataset/babyincrib_set.mp4,588,19.6,0,0,1,0.0,1.0
dataset/babyincrib_set.mp4,589,19.633333333333333,0,0,1,0.0,1.0
dataset/babyincrib_set.mp4,590,19.666666666666668,0,0,1,0.0,1.0
dataset/babyincrib_set.mp4,591,19.7,0,0,1,0.0,1.0
dataset/babyincrib_set.mp4,592,19.733333333333334,0,0,0,0.0,1.0
dataset/babyincrib_set.mp4,593,19.766666666666666,0,0,1,0.0,1.0
dataset/babyincrib_set.mp4,594,19.8,0,0,1,0.0,1.0
dataset/babyincrib_set.mp4,595,19.833333333333332,0,0,1,0.0,1.0
dataset/babyincrib_set.mp4,596,19.866666666666667,0,0,0,0.0,0.0
dataset/babyincrib_set.mp4,597,19.9,0,0,1,0.0,1.0
dataset/babyincrib_set.mp4,598,19.933333333333334,0,0,1,0.0,1.0
dataset/babyincrib_set.mp4,599,19.966666666666665,0,0,1,0.0,1.0
dataset/babyincrib_set.mp4,600,20.0,0,0,1,0.0,1.0
dataset/babyincrib_set.mp4,601,20.033333333333335,0,0,1,0.0,1.0
dataset/babyincrib_set.mp4,602,20.066666666666666,0,0,1,0.0,1.0
dataset/babyincrib_set.mp4,603,20.1,0,0,1,0.0,1.0
dataset/babyincrib_set.mp4,604,20.133333333333333,0,0,1,0.0,1.0
dataset/babyincrib_set.mp4,605,20.166666666666668,0,0,1,0.0,1.0
dataset/babyincrib_set.mp4,606,20.2,0,0,1,0.0,1.0
dataset/babyincrib_set.mp4,607,20.233333333333334,0,0,1,0.0,1.0
dataset/babyincrib_set.mp4,608,20.266666666666666,0,0,1,0.0,1.0
dataset/babyincrib_set.mp4,609,20.3,0,0,1,0.0,1.0
dataset/babyincrib_set.mp4,610,20.333333333333332,0,0,1,0.0,1.0
dataset/babyincrib_set.mp4,611,20.366666666666667,0,0,1,0.0,1.0
dataset/babyincrib_set.mp4,612,20.4,0,0,1,0.0,1.0
dataset/babyincrib_set.mp4,613,20.433333333333334,0,0,1,0.0,1.0
dataset/babyincrib_set.mp4,614,20.466666666666665,0,0,1,0.0,1.0
dataset/babyincrib_set.mp4,615,20.5,0,0,1,0.0,1.0
dataset/babyincrib_set.mp4,616,20.533333333333335,0,0,1,0.0,1.0
dataset/babyincrib_set.mp4,617,20.566666666666666,0,0,1,0.0,1.0
dataset/babyincrib_set.mp4,618,20.6,0,0,1,0.0,1.0
dataset/babyincrib_set.mp4,619,20.633333333333333,0,0,1,0.0,1.0
dataset/babyincrib_set.mp4,620,20.666666666666668,0,0,1,0.0,1.0
dataset/babyincrib_set.mp4,621,20.7,0,0,1,0.0,1.0
dataset/babyincrib_set.mp4,622,20.733333333333334,0,0,1,0.0,1.0
dataset/babyincrib_set.mp4,623,20.766666666666666,0,0,1,0.0,1.0
dataset/babyincrib_set.mp4,624,20.8,0,0,1,0.0,1.0
dataset/babyincrib_set.mp4,625,20.833333333333332,0,0,1,0.0,1.0
dataset/babyincrib_set.mp4,626,20.866666666666667,0,0,1,0.0,1.0
dataset/babyincrib_set.mp4,627,20.9,0,0,1,0.0,1.0
dataset/babyincrib_set.mp4,628,20.933333333333334,0,0,1,0.0,1.0
dataset/babyincrib_set.mp4,629,20.966666666666665,0,0,1,0.0,1.0
dataset/babyincrib_set.mp4,630,21.0,0,0,1,0.0,1.0
dataset/babyincrib_set.mp4,631,21.033333333333335,0,0,1,0.0,1.0
dataset/babyincrib_set.mp4,632,21.066666666666666,0,0,1,0.0,1.0
dataset/babyincrib_set.mp4,633,21.1,0,0,1,0.0,1.0
dataset/babyincrib_set.mp4,634,21.133333333333333,0,0,1,0.0,1.0
dataset/babyincrib_set.mp4,635,21.166666666666668,0,0,1,0.0,1.0
dataset/babyincrib_set.mp4,636,21.2,0,0,1,0.0,1.0
dataset/babyincrib_set.mp4,637,21.233333333333334,0,0,1,0.0,1.0
dataset/babyincrib_set.mp4,638,21.266666666666666,0,0,1,0.0,1.0
dataset/babyincrib_set.mp4,639,21.3,0,0,1,0.0,1.0
dataset/babyincrib_set.mp4,640,21.333333333333332,0,0,1,0.0,1.0
dataset/babyincrib_set.mp4,641,21.366666666666667,0,0,1,0.0,1.0
dataset/babyincrib_set.mp4,642,21.4,0,0,1,0.0,1.0
dataset/babyincrib_set.mp4,643,21.433333333333334,0,0,1,0.0,1.0
dataset/babyincrib_set.mp4,644,21.466666666666665,0,0,1,0.0,1.0
dataset/babyincrib_set.mp4,645,21.5,0,0,1,0.0,1.0
dataset/babyincrib_set.mp4,646,21.533333333333335,0,0,1,0.0,1.0
dataset/babyincrib_set.mp4,647,21.566666666666666,0,0,1,0.0,1.0
dataset/babyincrib_set.mp4,648,21.6,0,0,1,0.0,1.0
dataset/babyincrib_set.mp4,649,21.633333333333333,0,0,1,0.0,1.0
dataset/babyincrib_set.mp4,650,21.666666666666668,0,0,1,0.0,1.0
dataset/babyincrib_set.mp4,651,21.7,0,0,1,0.0,1.0
dataset/babyincrib_set.mp4,652,21.733333333333334,0,0,1,0.0,1.0
dataset/babyincrib_set.mp4,653,21.766666666666666,0,0,1,0.0,1.0
dataset/babyincrib_set.mp4,654,21.8,0,0,1,0.0,1.0
dataset/babyincrib_set.mp4,655,21.833333333333332,0,0,1,0.0,1.0
dataset/babyincrib_set.mp4,656,21.866666666666667,0,0,1,0.0,1.0
dataset/babyincrib_set.mp4,657,21.9,0,0,0,0.0,1.0
dataset/babyincrib_set.mp4,658,21.933333333333334,0,0,1,0.0,1.0
dataset/babyincrib_set.mp4,659,21.966666666666665,0,0,0,0.0,1.0
dataset/babyincrib_set.mp4,660,22.0,0,0,1,0.0,1.0
dataset/babyincrib_set.mp4,661,22.033333333333335,0,0,1,0.0,1.0
dataset/babyincrib_set.mp4,662,22.066666666666666,0,0,1,0.0,1.0
dataset/babyincrib_set.mp4,663,22.1,0,0,1,0.0,1.0
dataset/babyincrib_set.mp4,664,22.133333333333333,0,0,0,0.0,1.0
dataset/babyincrib_set.mp4,665,22.166666666666668,0,0,1,0.0,1.0
dataset/babyincrib_set.mp4,666,22.2,0,0,1,0.0,1.0
dataset/babyincrib_set.mp4,667,22.233333333333334,0,0,1,0.0,1.0
dataset/babyincrib_set.mp4,668,22.266666666666666,0,0,1,0.0,1.0
dataset/babyincrib_set.mp4,669,22.3,0,0,1,0.0,1.0
dataset/babyincrib_set.mp4,670,22.333333333333332,0,0,1,0.0,1.0
dataset/babyincrib_set.mp4,671,22.366666666666667,0,0,1,0.0,1.0
dataset/babyincrib_set.mp4,672,22.4,0,0,1,0.0,1.0
dataset/babyincrib_set.mp4,673,22.433333333333334,0,0,1,0.0,1.0
dataset/babyincrib_set.mp4,674,22.466666666666665,0,0,1,0.0,1.0
dataset/babyincrib_set.mp4,675,22.5,0,0,1,0.0,1.0
dataset/babyincrib_set.mp4,676,22.533333333333335,0,0,1,0.0,1.0
dataset/babyincrib_set.mp4,677,22.566666666666666,0,0,1,0.0,1.0
dataset/babyincrib_set.mp4,678,22.6,0,0,1,0.0,1.0
dataset/babyincrib_set.mp4,679,22.633333333333333,0,0,1,0.0,1.0
dataset/babyincrib_set.mp4,680,22.666666666666668,0,0,1,0.0,1.0
dataset/babyincrib_set.mp4,681,22.7,0,0,1,0.0,1.0
dataset/babyincrib_set.mp4,682,22.733333333333334,1,0,1,0.0,1.0
dataset/babyincrib_set.mp4,683,22.766666666666666,1,0,1,0.0,1.0
dataset/babyincrib_set.mp4,684,22.8,1,0,1,0.0,1.0
dataset/babyincrib_set.mp4,685,22.833333333333332,1,0,1,0.0,1.0
dataset/babyincrib_set.mp4,686,22.866666666666667,1,0,1,0.0,1.0
dataset/babyincrib_set.mp4,687,22.9,1,0,1,0.0,1.0
dataset/babyincrib_set.mp4,688,22.933333333333334,1,0,1,0.0,1.0
dataset/babyincrib_set.mp4,689,22.966666666666665,1,0,1,0.0,1.0
dataset/babyincrib_set.mp4,690,23.0,1,0,1,0.0,1.0
dataset/babyincrib_set.mp4,691,23.033333333333335,1,0,1,0.0,1.0
dataset/babyincrib_set.mp4,692,23.066666666666666,1,0,1,0.0,1.0
dataset/babyincrib_set.mp4,693,23.1,1,0,1,0.0,1.0
dataset/babyincrib_set.mp4,694,23.133333333333333,1,0,1,0.0,1.0
dataset/babyincrib_set.mp4,695,23.166666666666668,1,0,1,0.0,1.0
dataset/babyincrib_set.mp4,696,23.2,1,0,1,0.0,1.0
dataset/babyincrib_set.mp4,697,23.233333333333334,1,0,1,0.0,1.0
dataset/babyincrib_set.mp4,698,23.266666666666666,1,0,1,0.0,1.0
dataset/babyincrib_set.mp4,699,23.3,1,0,1,0.0,1.0
dataset/babyincrib_set.mp4,700,23.333333333333332,1,0,1,0.0,1.0
dataset/babyincrib_set.mp4,701,23.366666666666667,1,0,1,0.0,1.0
dataset/babyincrib_set.mp4,702,23.4,1,0,1,0.0,1.0
dataset/babyincrib_set.mp4,703,23.433333333333334,1,0,1,0.0,1.0
dataset/babyincrib_set.mp4,704,23.466666666666665,1,0,1,0.0,1.0
dataset/babyincrib_set.mp4,705,23.5,1,0,1,0.0,1.0
dataset/babyincrib_set.mp4,706,23.533333333333335,1,0,1,0.0,1.0
dataset/babyincrib_set.mp4,707,23.566666666666666,1,0,1,0.0,1.0
dataset/babyincrib_set.mp4,708,23.6,1,0,1,0.0,1.0
dataset/babyincrib_set.mp4,709,23.633333333333333,1,0,1,0.0,1.0
dataset/babyincrib_set.mp4,710,23.666666666666668,1,0,1,0.0,1.0
dataset/babyincrib_set.mp4,711,23.7,1,0,1,0.0,1.0
dataset/babyincrib_set.mp4,712,23.733333333333334,1,0,1,0.0,1.0
dataset/babyincrib_set.mp4,713,23.766666666666666,1,0,1,0.0,1.0
dataset/babyincrib_set.mp4,714,23.8,1,0,1,0.0,1.0
dataset/babyincrib_set.mp4,715,23.833333333333332,1,0,1,0.0,1.0
dataset/babyincrib_set.mp4,716,23.866666666666667,1,0,1,0.0,1.0
dataset/babyincrib_set.mp4,717,23.9,1,0,1,0.0,1.0
dataset/babyincrib_set.mp4,718,23.933333333333334,1,0,1,0.0,1.0
dataset/babyincrib_set.mp4,719,23.966666666666665,1,0,1,0.0,1.0
dataset/babyincrib_set.mp4,720,24.0,1,0,1,0.0,1.0
dataset/babyincrib_set.mp4,721,24.033333333333335,1,0,1,0.0,1.0
dataset/babyincrib_set.mp4,722,24.066666666666666,1,0,1,0.0,1.0
dataset/babyincrib_set.mp4,723,24.1,1,0,1,0.0,1.0
dataset/babyincrib_set.mp4,724,24.133333333333333,1,0,1,0.0,1.0
dataset/babyincrib_set.mp4,725,24.166666666666668,1,0,1,0.0,1.0
dataset/babyincrib_set.mp4,726,24.2,1,0,1,0.0,1.0
dataset/babyincrib_set.mp4,727,24.233333333333334,1,0,1,0.0,1.0
dataset/babyincrib_set.mp4,728,24.266666666666666,1,0,1,0.0,1.0
dataset/babyincrib_set.mp4,729,24.3,1,0,1,0.0,1.0
dataset/babyincrib_set.mp4,730,24.333333333333332,1,0,1,0.0,1.0
dataset/babyincrib_set.mp4,731,24.366666666666667,1,0,1,0.0,1.0
dataset/babyincrib_set.mp4,732,24.4,1,0,1,0.0,1.0
dataset/babyincrib_set.mp4,733,24.433333333333334,1,0,1,0.0,1.0
dataset/babyincrib_set.mp4,734,24.466666666666665,1,0,1,0.0,1.0
dataset/babyincrib_set.mp4,735,24.5,1,0,1,0.0,1.0
dataset/babyincrib_set.mp4,736,24.533333333333335,1,0,1,0.0,1.0
dataset/babyincrib_set.mp4,737,24.566666666666666,1,0,1,0.0,1.0
dataset/babyincrib_set.mp4,738,24.6,1,0,1,0.0,1.0
dataset/babyincrib_set.mp4,739,24.633333333333333,1,0,1,0.0,1.0
dataset/babyincrib_set.mp4,740,24.666666666666668,1,0,1,0.0,1.0
dataset/babyincrib_set.mp4,741,24.7,1,0,1,0.0,1.0
dataset/babyincrib_set.mp4,742,24.733333333333334,1,0,1,0.0,1.0
dataset/babyincrib_set.mp4,743,24.766666666666666,1,0,1,0.0,1.0
dataset/babyincrib_set.mp4,744,24.8,1,0,1,0.0,1.0
dataset/babyincrib_set.mp4,745,24.833333333333332,1,0,1,0.0,1.0
dataset/babyincrib_set.mp4,746,24.866666666666667,1,0,1,0.0,1.0
dataset/babyincrib_set.mp4,747,24.9,1,0,1,0.0,1.0
dataset/babyincrib_set.mp4,748,24.933333333333334,1,0,1,0.0,1.0
dataset/babyincrib_set.mp4,749,24.966666666666665,1,0,1,0.0,1.0
dataset/babyincrib_set.mp4,750,25.0,1,0,1,0.0,1.0
dataset/babyincrib_set.mp4,751,25.033333333333335,1,0,1,0.0,1.0
dataset/babyincrib_set.mp4,752,25.066666666666666,1,0,1,0.0,1.0
dataset/babyincrib_set.mp4,753,25.1,1,0,1,0.0,1.0
dataset/babyincrib_set.mp4,754,25.133333333333333,1,0,1,0.0,1.0
dataset/babyincrib_set.mp4,755,25.166666666666668,1,0,1,0.0,1.0
dataset/babyincrib_set.mp4,756,25.2,1,0,1,0.0,1.0
dataset/babyincrib_set.mp4,757,25.233333333333334,1,0,1,0.0,1.0
dataset/babyincrib_set.mp4,758,25.266666666666666,1,0,1,0.0,1.0
dataset/babyincrib_set.mp4,759,25.3,1,0,1,0.0,1.0
dataset/babyincrib_set.mp4,760,25.333333333333332,1,0,1,0.0,1.0
dataset/babyincrib_set.mp4,761,25.366666666666667,1,0,1,0.0,1.0
dataset/babyincrib_set.mp4,762,25.4,1,0,1,0.0,1.0
dataset/babyincrib_set.mp4,763,25.433333333333334,1,0,1,0.0,1.0
dataset/babyincrib_set.mp4,764,25.466666666666665,1,0,1,0.0,1.0
dataset/babyincrib_set.mp4,765,25.5,1,0,1,0.0,1.0
dataset/babyincrib_set.mp4,766,25.533333333333335,1,0,1,0.0,1.0
dataset/babyincrib_set.mp4,767,25.566666666666666,1,0,1,0.0,1.0
dataset/babyincrib_set.mp4,768,25.6,1,0,1,0.0,1.0
dataset/babyincrib_set.mp4,769,25.633333333333333,1,0,1,0.0,1.0
dataset/babyincrib_set.mp4,770,25.666666666666668,1,0,1,0.0,1.0
dataset/babyincrib_set.mp4,771,25.7,1,0,1,0.0,1.0
dataset/babyincrib_set.mp4,772,25.733333333333334,1,0,1,0.0,1.0
dataset/babyincrib_set.mp4,773,25.766666666666666,1,0,1,0.0,1.0
dataset/babyincrib_set.mp4,774,25.8,1,0,1,0.0,1.0
dataset/babyincrib_set.mp4,775,25.833333333333332,1,0,1,0.0,1.0
dataset/babyincrib_set.mp4,776,25.866666666666667,1,0,1,0.0,1.0
dataset/babyincrib_set.mp4,777,25.9,1,0,1,0.0,1.0
dataset/babyincrib_set.mp4,778,25.933333333333334,1,0,1,0.0,1.0
dataset/babyincrib_set.mp4,779,25.966666666666665,1,0,1,0.0,1.0
dataset/babyincrib_set.mp4,780,26.0,1,0,1,0.0,1.0
dataset/babyincrib_set.mp4,781,26.033333333333335,1,0,1,0.0,1.0
dataset/babyincrib_set.mp4,782,26.066666666666666,1,0,1,0.0,1.0
dataset/babyincrib_set.mp4,783,26.1,1,0,1,0.0,1.0
dataset/babyincrib_set.mp4,784,26.133333333333333,1,0,1,0.0,1.0
dataset/babyincrib_set.mp4,785,26.166666666666668,1,0,1,0.0,1.0
dataset/babyincrib_set.mp4,786,26.2,1,0,1,0.0,1.0
dataset/babyincrib_set.mp4,787,26.233333333333334,1,0,1,0.0,1.0
dataset/babyincrib_set.mp4,788,26.266666666666666,1,0,1,0.0,1.0
dataset/babyincrib_set.mp4,789,26.3,1,0,1,0.0,1.0
dataset/babyincrib_set.mp4,790,26.333333333333332,1,0,1,0.0,1.0
dataset/babyincrib_set.mp4,791,26.366666666666667,1,0,1,0.0,1.0
dataset/babyincrib_set.mp4,792,26.4,1,0,1,0.0,1.0
dataset/babyincrib_set.mp4,793,26.433333333333334,1,0,1,0.0,1.0
dataset/babyincrib_set.mp4,794,26.466666666666665,1,0,1,0.0,1.0
dataset/babyincrib_set.mp4,795,26.5,1,0,1,0.0,1.0
dataset/babyincrib_set.mp4,796,26.533333333333335,1,0,1,0.0,1.0
dataset/babyincrib_set.mp4,797,26.566666666666666,1,0,1,0.0,1.0
dataset/babyincrib_set.mp4,798,26.6,1,0,1,0.0,1.0
dataset/babyincrib_set.mp4,799,26.633333333333333,1,0,1,0.0,1.0
dataset/babyincrib_set.mp4,800,26.666666666666668,1,0,1,0.0,1.0
dataset/babyincrib_set.mp4,801,26.7,1,0,1,0.0,1.0
dataset/babyincrib_set.mp4,802,26.733333333333334,1,0,1,0.0,1.0
dataset/babyincrib_set.mp4,803,26.766666666666666,1,0,1,0.0,1.0
dataset/babyincrib_set.mp4,804,26.8,1,0,1,0.0,1.0
dataset/babyincrib_set.mp4,805,26.833333333333332,1,0,1,0.0,1.0
dataset/babyincrib_set.mp4,806,26.866666666666667,1,0,1,0.0,1.0
dataset/babyincrib_set.mp4,807,26.9,1,0,1,0.0,1.0
dataset/babyincrib_set.mp4,808,26.933333333333334,1,0,1,0.0,1.0
dataset/babyincrib_set.mp4,809,26.966666666666665,1,0,1,0.0,1.0
dataset/babyincrib_set.mp4,810,27.0,1,0,0,0.0,1.0
dataset/babyincrib_set.mp4,811,27.033333333333335,1,0,1,0.0,1.0
dataset/babyincrib_set.mp4,812,27.066666666666666,1,0,1,0.0,1.0
dataset/babyincrib_set.mp4,813,27.1,1,0,1,0.0,1.0
dataset/babyincrib_set.mp4,814,27.133333333333333,1,0,1,0.0,1.0
dataset/babyincrib_set.mp4,815,27.166666666666668,1,0,1,0.0,1.0
dataset/babyincrib_set.mp4,816,27.2,1,0,1,0.0,1.0
dataset/babyincrib_set.mp4,817,27.233333333333334,1,0,1,0.0,1.0
dataset/babyincrib_set.mp4,818,27.266666666666666,1,0,1,0.0,1.0
dataset/babyincrib_set.mp4,819,27.3,1,0,1,0.0,1.0
dataset/babyincrib_set.mp4,820,27.333333333333332,1,0,1,0.0,1.0
dataset/babyincrib_set.mp4,821,27.366666666666667,1,0,1,0.0,1.0
dataset/babyincrib_set.mp4,822,27.4,1,0,1,0.0,1.0
dataset/babyincrib_set.mp4,823,27.433333333333334,1,0,0,0.0,1.0
dataset/babyincrib_set.mp4,824,27.466666666666665,1,0,1,0.0,1.0
dataset/babyincrib_set.mp4,825,27.5,1,0,0,0.0,1.0
dataset/babyincrib_set.mp4,826,27.533333333333335,1,0,1,0.0,1.0
dataset/babyincrib_set.mp4,827,27.566666666666666,1,0,1,0.0,1.0
dataset/babyincrib_set.mp4,828,27.6,1,0,1,0.0,1.0
dataset/babyincrib_set.mp4,829,27.633333333333333,1,0,1,0.0,1.0
dataset/babyincrib_set.mp4,830,27.666666666666668,1,0,0,0.0,1.0
dataset/babyincrib_set.mp4,831,27.7,1,0,1,0.0,1.0
dataset/babyincrib_set.mp4,832,27.733333333333334,1,0,1,0.0,1.0
dataset/babyincrib_set.mp4,833,27.766666666666666,1,0,1,0.0,1.0
dataset/babyincrib_set.mp4,834,27.8,1,0,1,0.0,1.0
dataset/babyincrib_set.mp4,835,27.833333333333332,1,0,1,0.0,1.0
dataset/babyincrib_set.mp4,836,27.866666666666667,1,0,1,0.0,1.0
dataset/babyincrib_set.mp4,837,27.9,1,0,1,0.0,1.0
dataset/babyincrib_set.mp4,838,27.933333333333334,1,0,0,0.0,1.0
dataset/babyincrib_set.mp4,839,27.966666666666665,1,0,1,0.0,1.0
dataset/babyincrib_set.mp4,840,28.0,1,0,1,0.0,1.0
dataset/babyincrib_set.mp4,841,28.033333333333335,1,0,1,0.0,1.0
dataset/babyincrib_set.mp4,842,28.066666666666666,1,0,0,0.0,1.0
dataset/babyincrib_set.mp4,843,28.1,1,0,1,0.0,1.0
dataset/babyincrib_set.mp4,844,28.133333333333333,1,0,1,0.0,1.0
dataset/babyincrib_set.mp4,845,28.166666666666668,1,0,1,0.0,1.0
dataset/babyincrib_set.mp4,846,28.2,1,0,1,0.0,1.0
dataset/babyincrib_set.mp4,847,28.233333333333334,1,0,1,0.0,1.0
dataset/babyincrib_set.mp4,848,28.266666666666666,1,0,1,0.0,1.0
dataset/babyincrib_set.mp4,849,28.3,1,0,1,0.0,1.0
dataset/babyincrib_set.mp4,850,28.333333333333332,1,0,1,0.0,1.0
dataset/babyincrib_set.mp4,851,28.366666666666667,1,0,0,0.0,1.0
dataset/babyincrib_set.mp4,852,28.4,1,0,1,0.0,1.0
dataset/babyincrib_set.mp4,853,28.433333333333334,1,0,1,0.0,1.0
dataset/babyincrib_set.mp4,854,28.466666666666665,1,0,1,0.0,1.0
dataset/babyincrib_set.mp4,855,28.5,1,0,1,0.0,1.0
dataset/babyincrib_set.mp4,856,28.533333333333335,1,0,1,0.0,1.0
dataset/babyincrib_set.mp4,857,28.566666666666666,1,0,1,0.0,1.0
dataset/babyincrib_set.mp4,858,28.6,1,0,1,0.0,1.0
dataset/babyincrib_set.mp4,859,28.633333333333333,1,0,0,0.0,1.0
dataset/babyincrib_set.mp4,860,28.666666666666668,1,0,1,0.0,1.0
dataset/babyincrib_set.mp4,861,28.7,1,0,1,0.0,1.0
dataset/babyincrib_set.mp4,862,28.733333333333334,1,0,1,0.0,1.0
dataset/babyincrib_set.mp4,863,28.766666666666666,1,0,1,0.0,1.0
dataset/babyincrib_set.mp4,864,28.8,1,0,1,0.0,1.0
dataset/babyincrib_set.mp4,865,28.833333333333332,1,0,1,0.0,1.0
dataset/babyincrib_set.mp4,866,28.866666666666667,1,0,1,0.0,1.0
dataset/babyincrib_set.mp4,867,28.9,1,0,1,0.0,1.0
dataset/babyincrib_set.mp4,868,28.933333333333334,1,0,1,0.0,1.0
dataset/babyincrib_set.mp4,869,28.966666666666665,1,0,1,0.0,1.0
dataset/babyincrib_set.mp4,870,29.0,1,0,1,0.0,1.0
dataset/babyincrib_set.mp4,871,29.033333333333335,1,0,1,0.0,1.0
dataset/babyincrib_set.mp4,872,29.066666666666666,1,0,1,0.0,1.0
dataset/babyincrib_set.mp4,873,29.1,1,0,1,0.0,1.0
dataset/babyincrib_set.mp4,874,29.133333333333333,1,0,1,0.0,1.0
dataset/babyincrib_set.mp4,875,29.166666666666668,1,0,1,0.0,1.0
dataset/babyincrib_set.mp4,876,29.2,1,0,1,0.0,1.0
dataset/babyincrib_set.mp4,877,29.233333333333334,1,0,1,0.0,1.0
dataset/babyincrib_set.mp4,878,29.266666666666666,1,0,1,0.0,1.0
dataset/babyincrib_set.mp4,879,29.3,2,0,1,0.0,1.0
dataset/babyincrib_set.mp4,880,29.333333333333332,2,0,1,0.0,1.0
dataset/babyincrib_set.mp4,881,29.366666666666667,2,0,1,0.0,1.0
dataset/babyincrib_set.mp4,882,29.4,0,0,1,0.0,1.0
dataset/babyincrib_set.mp4,883,29.433333333333334,0,0,1,0.0,1.0
dataset/babyincrib_set.mp4,884,29.466666666666665,0,0,1,0.0,1.0
dataset/babyincrib_set.mp4,885,29.5,0,0,1,0.0,1.0
dataset/babyincrib_set.mp4,886,29.533333333333335,0,0,1,0.0,1.0
dataset/babyincrib_set.mp4,887,29.566666666666666,0,0,1,0.0,1.0
dataset/babyincrib_set.mp4,888,29.6,0,0,1,0.0,1.0
dataset/babyincrib_set.mp4,889,29.633333333333333,0,0,1,0.0,1.0
dataset/babyincrib_set.mp4,890,29.666666666666668,0,0,0,0.0,1.0
dataset/babyincrib_set.mp4,891,29.7,0,0,1,0.0,1.0
dataset/babyincrib_set.mp4,892,29.733333333333334,0,0,1,0.0,1.0
dataset/babyincrib_set.mp4,893,29.766666666666666,0,0,1,0.0,1.0
dataset/babyincrib_set.mp4,894,29.8,0,0,1,0.0,1.0
dataset/babyincrib_set.mp4,895,29.833333333333332,0,0,1,0.0,1.0
dataset/babyincrib_set.mp4,896,29.866666666666667,0,0,1,0.0,1.0
dataset/babyincrib_set.mp4,897,29.9,2,0,1,0.0,1.0
dataset/babyincrib_set.mp4,898,29.933333333333334,2,0,1,0.0,1.0
dataset/babyincrib_set.mp4,899,29.966666666666665,2,0,0,0.0,1.0
dataset/babyincrib_set.mp4,900,30.0,2,0,1,0.0,1.0
dataset/babyincrib_set.mp4,901,30.033333333333335,2,0,1,0.0,1.0
dataset/babyincrib_set.mp4,902,30.066666666666666,2,0,1,0.0,1.0
dataset/babyincrib_set.mp4,903,30.1,2,0,1,0.0,1.0
dataset/babyincrib_set.mp4,904,30.133333333333333,2,0,1,0.0,1.0
dataset/babyincrib_set.mp4,905,30.166666666666668,2,0,1,0.0,1.0
dataset/babyincrib_set.mp4,906,30.2,2,0,0,0.0,1.0
dataset/babyincrib_set.mp4,907,30.233333333333334,2,0,0,0.0,1.0
dataset/babyincrib_set.mp4,908,30.266666666666666,2,0,1,0.0,1.0
dataset/babyincrib_set.mp4,909,30.3,2,0,1,0.0,1.0
dataset/babyincrib_set.mp4,910,30.333333333333332,2,0,1,0.0,1.0
dataset/babyincrib_set.mp4,911,30.366666666666667,1,0,1,0.0,1.0
dataset/babyincrib_set.mp4,912,30.4,2,0,1,0.0,1.0
dataset/babyincrib_set.mp4,913,30.433333333333334,1,0,1,0.0,1.0
dataset/babyincrib_set.mp4,914,30.466666666666665,2,0,1,0.0,1.0
dataset/babyincrib_set.mp4,915,30.5,1,0,1,0.0,1.0
dataset/babyincrib_set.mp4,916,30.533333333333335,2,0,1,0.0,1.0
dataset/babyincrib_set.mp4,917,30.566666666666666,1,0,1,0.0,1.0
dataset/babyincrib_set.mp4,918,30.6,2,0,1,0.0,1.0
dataset/babyincrib_set.mp4,919,30.633333333333333,1,0,1,0.0,1.0
dataset/babyincrib_set.mp4,920,30.666666666666668,1,0,1,0.0,1.0
dataset/babyincrib_set.mp4,921,30.7,1,0,1,0.0,1.0
dataset/babyincrib_set.mp4,922,30.733333333333334,2,0,1,0.0,1.0
dataset/babyincrib_set.mp4,923,30.766666666666666,1,0,1,0.0,1.0
dataset/babyincrib_set.mp4,924,30.8,1,0,1,0.0,1.0
dataset/babyincrib_set.mp4,925,30.833333333333332,1,0,1,0.0,1.0
dataset/babyincrib_set.mp4,926,30.866666666666667,1,0,0,0.0,1.0
dataset/babyincrib_set.mp4,927,30.9,1,0,1,0.0,1.0
dataset/babyincrib_set.mp4,928,30.933333333333334,1,0,0,0.0,1.0
dataset/babyincrib_set.mp4,929,30.966666666666665,1,0,1,0.0,1.0
dataset/babyincrib_set.mp4,930,31.0,1,0,1,0.0,1.0
dataset/babyincrib_set.mp4,931,31.033333333333335,1,0,0,0.0,1.0
dataset/babyincrib_set.mp4,932,31.066666666666666,2,0,0,0.0,1.0
dataset/babyincrib_set.mp4,933,31.1,2,0,1,0.0,1.0
dataset/babyincrib_set.mp4,934,31.133333333333333,2,0,1,0.0,1.0
dataset/babyincrib_set.mp4,935,31.166666666666668,2,0,0,0.0,1.0
dataset/babyincrib_set.mp4,936,31.2,2,0,1,0.0,1.0
dataset/babyincrib_set.mp4,937,31.233333333333334,2,0,1,0.0,1.0
dataset/babyincrib_set.mp4,938,31.266666666666666,2,0,1,0.0,1.0
dataset/babyincrib_set.mp4,939,31.3,2,0,1,0.0,1.0
dataset/babyincrib_set.mp4,940,31.333333333333332,2,0,1,0.0,1.0
dataset/babyincrib_set.mp4,941,31.366666666666667,2,0,0,0.0,1.0
dataset/babyincrib_set.mp4,942,31.4,2,0,0,0.0,1.0
dataset/babyincrib_set.mp4,943,31.433333333333334,2,0,1,0.0,1.0
dataset/babyincrib_set.mp4,944,31.466666666666665,2,0,1,0.0,1.0
dataset/babyincrib_set.mp4,945,31.5,2,0,1,0.0,1.0
dataset/babyincrib_set.mp4,946,31.533333333333335,2,0,0,0.0,1.0
dataset/babyincrib_set.mp4,947,31.566666666666666,2,0,0,0.0,1.0
dataset/babyincrib_set.mp4,948,31.6,2,0,1,0.0,1.0
dataset/babyincrib_set.mp4,949,31.633333333333333,2,0,1,0.0,1.0
dataset/babyincrib_set.mp4,950,31.666666666666668,2,0,1,0.0,1.0
dataset/babyincrib_set.mp4,951,31.7,2,0,1,0.0,1.0
dataset/babyincrib_set.mp4,952,31.733333333333334,2,0,1,0.0,1.0
dataset/babyincrib_set.mp4,953,31.766666666666666,2,0,0,0.0,1.0
dataset/babyincrib_set.mp4,954,31.8,2,0,1,0.0,1.0
dataset/babyincrib_set.mp4,955,31.833333333333332,2,0,1,0.0,1.0
dataset/babyincrib_set.mp4,956,31.866666666666667,2,0,0,0.0,1.0
dataset/babyincrib_set.mp4,957,31.9,2,0,1,0.0,1.0
dataset/babyincrib_set.mp4,958,31.933333333333334,2,0,1,0.0,1.0
dataset/babyincrib_set.mp4,959,31.966666666666665,2,0,1,0.0,1.0
dataset/babyincrib_set.mp4,960,32.0,2,0,1,0.0,1.0
dataset/babyincrib_set.mp4,961,32.03333333333333,2,0,1,0.0,1.0
dataset/babyincrib_set.mp4,962,32.06666666666667,1,0,1,0.0,1.0
dataset/babyincrib_set.mp4,963,32.1,1,0,1,0.0,1.0
dataset/babyincrib_set.mp4,964,32.13333333333333,1,0,1,0.0,1.0
dataset/babyincrib_set.mp4,965,32.166666666666664,1,0,1,0.0,1.0
dataset/babyincrib_set.mp4,966,32.2,1,0,1,0.0,1.0
dataset/babyincrib_set.mp4,967,32.233333333333334,1,0,1,0.0,1.0
dataset/babyincrib_set.mp4,968,32.266666666666666,1,0,1,0.0,1.0
dataset/babyincrib_set.mp4,969,32.3,1,0,1,0.0,1.0
dataset/babyincrib_set.mp4,970,32.333333333333336,1,0,1,0.0,1.0
dataset/babyincrib_set.mp4,971,32.36666666666667,1,0,1,0.0,1.0
dataset/babyincrib_set.mp4,972,32.4,2,0,1,0.0,1.0
dataset/babyincrib_set.mp4,973,32.43333333333333,2,0,1,0.0,1.0
dataset/babyincrib_set.mp4,974,32.46666666666667,1,0,1,0.0,1.0
dataset/babyincrib_set.mp4,975,32.5,1,0,1,0.0,1.0
dataset/babyincrib_set.mp4,976,32.53333333333333,1,0,0,0.0,1.0
dataset/babyincrib_set.mp4,977,32.56666666666667,1,0,1,0.0,1.0
dataset/babyincrib_set.mp4,978,32.6,1,0,1,0.0,1.0
dataset/babyincrib_set.mp4,979,32.63333333333333,1,0,1,0.0,1.0
dataset/babyincrib_set.mp4,980,32.666666666666664,1,0,1,0.0,1.0
dataset/babyincrib_set.mp4,981,32.7,1,0,0,0.0,1.0
dataset/babyincrib_set.mp4,982,32.733333333333334,1,0,1,0.0,1.0
dataset/babyincrib_set.mp4,983,32.766666666666666,1,0,1,0.0,1.0
dataset/babyincrib_set.mp4,984,32.8,1,0,1,0.0,1.0
dataset/babyincrib_set.mp4,985,32.833333333333336,1,0,1,0.0,1.0
dataset/babyincrib_set.mp4,986,32.86666666666667,1,0,1,0.0,1.0
dataset/babyincrib_set.mp4,987,32.9,1,0,1,0.0,1.0
dataset/babyincrib_set.mp4,988,32.93333333333333,1,0,1,0.0,1.0
dataset/babyincrib_set.mp4,989,32.96666666666667,1,0,0,0.0,1.0
dataset/babyincrib_set.mp4,990,33.0,1,0,1,0.0,1.0
dataset/babyincrib_set.mp4,991,33.03333333333333,1,0,0,0.0,1.0
dataset/babyincrib_set.mp4,992,33.06666666666667,1,0,1,0.0,1.0
dataset/babyincrib_set.mp4,993,33.1,1,0,1,0.0,1.0
dataset/babyincrib_set.mp4,994,33.13333333333333,1,0,1,0.0,1.0
dataset/babyincrib_set.mp4,995,33.166666666666664,1,0,1,0.0,1.0
dataset/babyincrib_set.mp4,996,33.2,1,0,1,0.0,1.0
dataset/babyincrib_set.mp4,997,33.233333333333334,1,0,1,0.0,1.0
dataset/babyincrib_set.mp4,998,33.266666666666666,1,0,1,0.0,1.0
dataset/babyincrib_set.mp4,999,33.3,1,0,1,0.0,1.0
dataset/babyincrib_set.mp4,1000,33.333333333333336,1,0,0,0.0,1.0
dataset/babyincrib_set.mp4,1001,33.36666666666667,1,0,1,0.0,1.0
dataset/babyincrib_set.mp4,1002,33.4,1,0,1,0.0,1.0
dataset/babyincrib_set.mp4,1003,33.43333333333333,1,0,1,0.0,1.0
dataset/babyincrib_set.mp4,1004,33.46666666666667,1,0,0,0.0,1.0
dataset/babyincrib_set.mp4,1005,33.5,1,0,1,0.0,1.0
dataset/babyincrib_set.mp4,1006,33.53333333333333,1,0,0,0.0,1.0
dataset/babyincrib_set.mp4,1007,33.56666666666667,1,0,1,0.0,1.0
dataset/babyincrib_set.mp4,1008,33.6,1,0,0,0.0,1.0
dataset/babyincrib_set.mp4,1009,33.63333333333333,1,0,1,0.0,1.0
dataset/babyincrib_set.mp4,1010,33.666666666666664,1,0,0,0.0,1.0
dataset/babyincrib_set.mp4,1011,33.7,1,0,0,0.0,1.0
dataset/babyincrib_set.mp4,1012,33.733333333333334,0,0,1,0.0,1.0
dataset/babyincrib_set.mp4,1013,33.766666666666666,0,0,1,0.0,1.0
dataset/babyincrib_set.mp4,1014,33.8,0,0,1,0.0,1.0
dataset/babyincrib_set.mp4,1015,33.833333333333336,0,0,1,0.0,1.0
dataset/babyincrib_set.mp4,1016,33.86666666666667,0,0,1,0.0,1.0
dataset/babyincrib_set.mp4,1017,33.9,0,0,1,0.0,1.0
dataset/babyincrib_set.mp4,1018,33.93333333333333,0,0,1,0.0,1.0
dataset/babyincrib_set.mp4,1019,33.96666666666667,0,0,1,0.0,1.0
dataset/babyincrib_set.mp4,1020,34.0,0,0,1,0.0,1.0
dataset/babyincrib_set.mp4,1021,34.03333333333333,0,0,1,0.0,1.0
dataset/babyincrib_set.mp4,1022,34.06666666666667,0,0,1,0.0,1.0
dataset/babyincrib_set.mp4,1023,34.1,0,0,1,0.0,1.0
dataset/babyincrib_set.mp4,1024,34.13333333333333,0,0,1,0.0,1.0
dataset/babyincrib_set.mp4,1025,34.166666666666664,0,0,1,0.0,1.0
dataset/babyincrib_set.mp4,1026,34.2,0,0,1,0.0,1.0
dataset/babyincrib_set.mp4,1027,34.233333333333334,0,0,1,0.0,1.0
dataset/babyincrib_set.mp4,1028,34.266666666666666,0,0,1,0.0,1.0
dataset/babyincrib_set.mp4,1029,34.3,0,0,1,0.0,1.0
dataset/babyincrib_set.mp4,1030,34.333333333333336,0,0,1,0.0,1.0
dataset/babyincrib_set.mp4,1031,34.36666666666667,0,0,1,0.0,1.0
dataset/babyincrib_set.mp4,1032,34.4,0,0,1,0.0,1.0
dataset/babyincrib_set.mp4,1033,34.43333333333333,0,0,1,0.0,1.0
dataset/babyincrib_set.mp4,1034,34.46666666666667,0,0,1,0.0,1.0
dataset/babyincrib_set.mp4,1035,34.5,0,0,1,0.0,1.0
dataset/babyincrib_set.mp4,1036,34.53333333333333,0,0,1,0.0,1.0
dataset/babyincrib_set.mp4,1037,34.56666666666667,0,0,1,0.0,1.0
dataset/babyincrib_set.mp4,1038,34.6,0,0,1,0.0,1.0
dataset/babyincrib_set.mp4,1039,34.63333333333333,0,0,1,0.0,1.0
dataset/babyincrib_set.mp4,1040,34.666666666666664,0,0,1,0.0,1.0
dataset/babyincrib_set.mp4,1041,34.7,0,0,1,0.0,1.0
dataset/babyincrib_set.mp4,1042,34.733333333333334,0,0,1,0.0,1.0
dataset/babyincrib_set.mp4,1043,34.766666666666666,0,0,1,0.0,1.0
dataset/babyincrib_set.mp4,1044,34.8,0,0,1,0.0,1.0
dataset/babyincrib_set.mp4,1045,34.833333333333336,0,0,1,0.0,1.0
dataset/babyincrib_set.mp4,1046,34.86666666666667,0,0,1,0.0,1.0
dataset/babyincrib_set.mp4,1047,34.9,0,0,1,0.0,1.0
dataset/babyincrib_set.mp4,1048,34.93333333333333,0,0,1,0.0,1.0
dataset/babyincrib_set.mp4,1049,34.96666666666667,0,0,1,0.0,1.0
dataset/babyincrib_set.mp4,1050,35.0,0,0,1,0.0,1.0
dataset/babyincrib_set.mp4,1051,35.03333333333333,0,0,1,0.0,1.0
dataset/babyincrib_set.mp4,1052,35.06666666666667,0,0,1,0.0,1.0
dataset/babyincrib_set.mp4,1053,35.1,0,0,1,0.0,1.0
dataset/babyincrib_set.mp4,1054,35.13333333333333,0,0,1,0.0,1.0
